{
	"$schema": "https://schema.management.azure.com/schemas/0.1.2-preview/CreateUIDefinition.MultiVm.json#",
	"handler": "Microsoft.Azure.CreateUIDef",
	"version": "0.1.2-preview",
	"parameters": {
		"config": {
			"isWizard": false,
			"basics": {}
		},
		"basics": [
			{
				"name": "resourceGroupsApi",
				"type": "Microsoft.Solutions.ArmApiControl",
				"request": {
					"method": "GET",
					"path": "[concat(steps('basics').resourceScope.subscription.id, '/resourceGroups?api-version=2022-09-01')]",
					"transforms": {
						"list": "value|[*].{label: name, value:name}"
					}
				}
			},
			{
				"name": "subscriptionsApi",
				"type": "Microsoft.Solutions.ArmApiControl",
				"request": {
					"method": "GET",
					"path": "/subscriptions?api-version=2022-12-01",
					"transforms": {
						"list": "value|[*].{label: displayName, value:id}"
					}
				}
			},
			{
				"name": "callGraphGroups",
				"type": "Microsoft.Solutions.GraphApiControl",
				"request": {
					"method": "GET",
					"path": "/v1.0/groups",
					"transforms": {
						"list": "value|[*].{label:displayName, value:displayName, description:description}"
					}
				}
			},
			{
				"name": "callGraphTenant",
				"type": "Microsoft.Solutions.GraphApiControl",
				"request": {
					"method": "GET",
					"path": "/v1.0/organization"
				}
			},
			{
				"name": "storageTier",
				"type": "Microsoft.Common.DropDown",
				"visible": true,
				"label": "File share peformance",
				"filter": true,
				"defaultValue": "Premium",
				"toolTip": "Storage account performance for FSLogix storage. Recommended tier is Premium.",
				"constraints": {
					"required": true,
					"allowedValues": [
						{
							"label": "Premium",
							"description": "",
							"value": "Premium"
						},
						{
							"label": "Standard",
							"description": "",
							"value": "Standard"
						}
					]
				}
			},
			{
				"name": "storageRedundancy",
				"type": "Microsoft.Common.DropDown",
				"visible": true,
				"label": "Storage Redundancy",
				"filter": true,
				"defaultValue": "Zone Redundant",
				"toolTip": "Storage redundancy for FSLogix is typically recommended to be either Zone or Local only.",
				"constraints": {
					"required": true,
					"allowedValues": [
						{
							"label": "Zone Redundant",
							"description": "",
							"value": "ZRS"
						},
						{
							"label": "Locally Redundant",
							"description": "",
							"value": "LRS"
						}
					]
				}
			},
			{
				"name": "StorageDeploymentLocationAndAvailability",
				"type": "Microsoft.Common.InfoBox",
				"visible": true,
				"options": {
					"text": "Storage resources will be deployed on the same location on the Session Hosts section.",
					"uri": "https://learn.microsoft.com/azure/reliability/availability-zones-service-support#azure-regions-with-availability-zone-support",
					"style": "Info"
				}
			},
			{
				"name": "storageName",
				"type": "Microsoft.Common.TextBox",
				"label": "Storage Account Name",
				"defaultValue": "str",
				"placeholder": "Example: strcontosoavdsflgx01",
				"toolTip": "Storage Account Name must be globally unique. Consider including the company abbreviation in the name and what it's used for to ensure uniqueness.",
				"constraints": {
					"required": true,
					"validationMessage": ""
				},
				"visible": true
			},
			{
				"name": "shareName",
				"type": "Microsoft.Common.TextBox",
				"label": "File Share Name",
				"toolTip": "Enter a name for the File Share value. This will be the 2nd half of the UNC Share Name. (i.e. \\storageaccount\filesharename)",
				"defaultValue": "fslogix01",
				"constraints": {
					"required": true,
					"validationMessage": "Must be between 3 and 64 characters long, alpha-numeric,all lowercase and can contain hyphens. (non-consecutive)"
				}
			},
			{
				"name": "shareSize",
				"type": "Microsoft.Common.Slider",
				"min": 100,
				"max": 5120,
				"label": "Share Size",
				"subLabel": "GB",
				"defaultValue": 500,
				"showStepMarkers": true,
				"toolTip": "Set the Size in GB for the Share.",
				"constraints": {
					"required": true
				},
				"visible": true
			},
			{
				"name": "basicsInfoWarn1",
				"type": "Microsoft.Common.InfoBox",
				"visible": "true",
				"options": {
					"text": "REMINDER: Premium Storage costs are based on allocated size where as Standard Storage is based on ammount used. However, in large scale deployments it's best to consider Premium with the auto-increase solution to gain the additional performance needed. Click this box for more infromation on the Auto-Increase Quota solution.",
					"uri": "https://github.com/Azure/avdaccelerator/blob/main/workload/bicep/brownfield/autoIncreasePremiumFileShareQuota/readme.md",
					"style": "Warning"
				}
			}
		],
		"steps": [
			{
				"name": "zeroTrustSetup",
				"label": "Zero Trust Setup",
				"elements": [
					{
						"name": "pvtDNSZoneSub",
						"type": "Microsoft.Common.DropDown",
						"label": "Private DNS Zone Subscription",
						"toolTip": "Choose the subscription where the Private DNS Zone resides.",
						"defaultValue": "[steps('basics').resourceScope.subscription]",
						"constraints": {
							"required": true,
							"allowedValues": "[steps('basics').subscriptionsApi.transformed.list]"
						}
					},
					{
						"name": "privateDNSZonesApi",
						"type": "Microsoft.Solutions.ArmApiControl",
						"request": {
							"method": "GET",
							"path": "[concat(steps('zeroTrustSetup').pvtDNSZoneSub, '/providers/Microsoft.Network/privateDnsZones?api-version=2018-09-01')]",
							"transforms": {
								"list": "value|[*].{label: name, value:id, description:id}"
							}
						}
					},
					{
						"name": "pvtDNSZone",
						"type": "Microsoft.Common.DropDown",
						"label": "Private DNS Zone (File)",
						"toolTip": "Select the Private DNS Zone to use for the Storage Private Link. It's recommended to have a central Private DNS Zone for all files based records in a hub type subscription or resource group.",
						"defaultValue": "privatelink.file.core.windows.net",
						"constraints": {
							"required": true,
							"allowedValues": "[steps('zeroTrustSetup').privateDNSZonesApi.transformed.list]"
						}
					},
					{
						"name": "pvtDNSZoneKV",
						"type": "Microsoft.Common.DropDown",
						"label": "Private DNS Zone (VaultCore)",
						"toolTip": "Select the Private DNS Zone to use for the KeyVault Private Link. It's recommended to have a central Private DNS Zone for all files based records in a hub type subscription or resource group.",
						"defaultValue": "privatelink.vaultcore.azure.net",
						"constraints": {
							"required": true,
							"allowedValues": "[steps('zeroTrustSetup').privateDNSZonesApi.transformed.list]"
						}
					},
					{
						"name": "basicsInfoWarn2",
						"type": "Microsoft.Common.InfoBox",
						"visible": "true",
						"options": {
							"text": "The Private DNS Zone must already be configured and you MUST select a 'FILE' based zone for Azure Files.\nAdditionally, for On-Prem resources to resolve the storage please click this box for more details.",
							"uri": "https://learn.microsoft.com/azure/virtual-desktop/azure-monitor?WT.mc_id=Portal-AppInsightsExtension",
							"style": "Warning"
						}
					},
					{
						"name": "identityName",
						"type": "Microsoft.Common.TextBox",
						"label": "User Managed Identity Name",
						"toolTip": "Type in a name for the User Managed Identity to be created which must be between 3 and 24 characters long, alpha-numeric and can contain hyphens.",
						"defaultValue": "id-stgcontosofslgx01",
						"constraints": {
							"required": true,
							"validationMessage": "Must be between 3 and 24 characters long, alpha-numeric and can contain hyphens. (non-consecutive)"
						}
					},
					{
						"name": "keyVaultName",
						"type": "Microsoft.Common.TextBox",
						"label": "Key Vault Name",
						"toolTip": "Type in a name for the Key Vault to be used for encryption of the Storage Account using a created Customer Managed Key",
						"defaultValue": "kv-stgcontosofslgx01",
						"constraints": {
							"required": true,
							"validationMessage": "Must be between 3 and 24 characters long, alpha-numeric and can contain hyphens. (non-consecutive)"
						}
					}
				]
			},
			{
				"name": "domainJoinInfo",
				"label": "AD Domain Information",
				"elements": [
					{
						"name": "domainInformation",
						"type": "Microsoft.Common.Section",
						"visible": true,
						"label": "Domain Information",
						"elements": [
							{
								"name": "DomainName",
								"type": "Microsoft.Common.TextBox",
								"label": "Domain Name",
								"toolTip": "Provide identity service domain name.",
								"placeholder": "Example: contoso.com",
								"constraints": {
									"required": true
								}
							},
							{
								"name": "OUPathStorage",
								"type": "Microsoft.Common.TextBox",
								"label": "OU Path for Storage Account",
								"defaultValue": "",
								"placeholder": "OU=workstations,DC=contoso,DC=com",
								"toolTip": "It's best to consider an OU with no or limited Group Policies for initial deployments. This value should be the distinguished name of the OU.",
								"constraints": {
									"required": true,
									"validationMessage": ""
								},
								"visible": true
							}
						]
					},
					{
						"name": "ntfsSetup",
						"type": "Microsoft.Common.Section",
						"visible": true,
						"label": "NTFS Setup",
						"elements": [
							{
								"name": "groupUsersName",
								"type": "Microsoft.Common.DropDown",
								"label": "AVD Users Group",
								"multiLine": true,
								"constraints": {
									"required": true,
									"allowedValues": "[coalesce(steps('basics').callGraphGroups.transformed.list, parse('[]'))]"
								}
							},
							{
								"name": "groupAdminsName",
								"type": "Microsoft.Common.DropDown",
								"label": "AVD Admins Group",
								"multiLine": true,
								"constraints": {
									"required": true,
									"allowedValues": "[coalesce(steps('basics').callGraphGroups.transformed.list, parse('[]'))]"
								}
							}
						]
					},
					{
						"name": "identityDomainCredentials",
						"type": "Microsoft.Common.Section",
						"visible": true,
						"label": "Active Directory Domain join credentials",
						"elements": [
							{
								"name": "DomainUser",
								"type": "Microsoft.Common.TextBox",
								"label": "Username (UPN Format)",
								"toolTip": "Provide username with permissions to join session host to the domain.",
								"placeholder": "Example: avdadmin@contoso.com",
								"defaultValue": "",
								"constraints": {
									"required": true
								},
								"visible": true
							},
							{
								"name": "optionDomainCredsKeyvault",
								"type": "Microsoft.Common.CheckBox",
								"label": "Use Keyvault for Credentials",
								"toolTip": "Use credentials stored in an existing Keyvault.",
								"constraints": {
									"required": false
								},
								"visible": false
							},
							{
								"name": "kvDomain",
								"type": "Microsoft.Solutions.ResourceSelector",
								"label": "Select Keyvault",
								"resourceType": "Microsoft.KeyVault/vaults",
								"toolTip": "Select Keyvault which contains the secrets for the Domain Credentials.",
								"constraints": {
									"required": true
								},
								"visible": false
							},
							{
								"name": "kvDomainSecretName",
								"type": "Microsoft.Common.TextBox",
								"defaultValue": "domainJoinUserPassword",
								"label": "KeyVault Secret Name (Domain Credential)",
								"toolTip": "The Name of the KeyVault secret that contains the encrypted password as a value.",
								"visible": false
							},
							{
								"name": "DomainPassword",
								"type": "Microsoft.Common.PasswordBox",
								"label": {
									"password": "Password",
									"confirmPassword": "Confirm Password"
								},
								"toolTip": "Provide password for domain join account.",
								"constraints": {
									"required": true
								},
								"options": {
									"hideConfirmation": false
								},
								"visible": true
							}
						]
					}
				]
			},
			{
				"name": "mgmtVMInfo",
				"label": "Management VM",
				"elements": [
					{
						"name": "infoBoxmgmtVMInfo1",
						"type": "Microsoft.Common.InfoBox",
						"visible": "true",
						"options": {
							"text": "The Management VM is used to Domain Join the Storage Account using the provided credentials and set the NTFS Permissions. They will be based on the AVD Users and AVD Admins Groups provided. You can also click this box to see the recommended permissions for NTFS.",
							"uri": "https://learn.microsoft.com/en-us/fslogix/how-to-configure-storage-permissions#recommended-acls",
							"style": "Info"
						}
					},
					{
						"name": "vmName",
						"type": "Microsoft.Common.TextBox",
						"defaultValue": "vmStorageMgmt01",
						"label": "Management VM Name",
						"toolTip": "Provide the name of the management VM.",
						"visible": "true",
						"constraints": {
							"required": true,
							"validationMessage": "Must be 1-15 characters and alphanumeric. Can contain hyphens. (non-consecutive)"
						}
					},
					{
						"name": "OUPathVm",
						"type": "Microsoft.Common.TextBox",
						"label": "OU Path for Management VM",
						"defaultValue": "",
						"placeholder": "OU=workstations,DC=contoso,DC=com",
						"toolTip": "It's best to consider an OU with no or limited Group Policies for initial deployments. This value should be the distinguished name of the OU.",
						"constraints": {
							"required": true,
							"validationMessage": ""
						},
						"visible": true
					},
					{
						"name": "virtualNetworkSelection",
						"type": "Microsoft.Solutions.ResourceSelector",
						"visible": true,
						"label": "Virtual network",
						"resourceType": "Microsoft.Network/virtualNetworks"
					},
					{
						"name": "subnetsApi",
						"type": "Microsoft.Solutions.ArmApiControl",
						"request": {
							"method": "GET",
							"path": "[concat(steps('mgmtVMInfo').virtualNetworkSelection.id, '/subnets?api-version=2022-05-01')]"
						}
					},
					{
						"name": "subnet",
						"type": "Microsoft.Common.DropDown",
						"visible": true,
						"label": "Subnet",
						"defaultValue": "[steps('basics').re",
						"toolTip": "Select an existing subnet with an existing Private DNS Zone for creating the file based Private Link.",
						"constraints": {
							"allowedValues": "[map(steps('mgmtVMInfo').subnetsApi.value, (item) => parse(concat('{\"label\":\"', item.name, '\",\"value\":\"', item.id, '\"}')))]",
							"required": true
						}
					},
					{
						"name": "identityLocalCredentials",
						"type": "Microsoft.Common.Section",
						"visible": true,
						"label": "Management VM local admin credentials",
						"elements": [
							{
								"name": "VmUsername",
								"type": "Microsoft.Common.TextBox",
								"label": "Username",
								"toolTip": "Provide username for session host local admin account. Administrator can't be used as username, it is reserved by the system.",
								"placeholder": "Example: avdadmin",
								"defaultValue": "",
								"constraints": {
									"regex": "^(?!.*[aA]dministrator).*$",
									"validationMessage": "This username can't be used, it is a reserved word.",
									"required": true
								},
								"visible": true
							},
							{
								"name": "optionLocalCredsKeyvault",
								"type": "Microsoft.Common.CheckBox",
								"label": "Use Keyvault for Credentials",
								"toolTip": "Use credentials stored in an existing Keyvault.",
								"constraints": {
									"required": false
								},
								"visible": false
							},
							{
								"name": "kvLocal",
								"type": "Microsoft.Solutions.ResourceSelector",
								"label": "Select Keyvault",
								"resourceType": "Microsoft.KeyVault/vaults",
								"toolTip": "Select Keyvault which contains the secrets for the Local Admin Credentials.",
								"constraints": {
									"required": false
								},
								"visible": false
							},
							{
								"name": "kvLocalSecretName",
								"type": "Microsoft.Common.TextBox",
								"defaultValue": "vmLocalUserPassword",
								"label": "KeyVault Secret Name (Local Admin Credential)",
								"toolTip": "The Name of the KeyVault secret that contains the encrypted password as a value.",
								"visible": false
							},
							{
								"name": "VmPassword",
								"type": "Microsoft.Compute.CredentialsCombo",
								"visible": true,
								"label": {
									"password": "Password",
									"confirmPassword": "Confirm password"
								},
								"toolTip": {
									"password": "The password must be alphanumeric, contain at least 12 characters, have at least 1 letter,1 number and 1 special character."
								},
								"constraints": {
									"required": true
								},
								"options": {
									"hideConfirmation": false
								},
								"osPlatform": "Windows"
							}
						]
					},
					{
						"name": "TagsSection",
						"type": "Microsoft.Common.Section",
						"label": "Tags",
						"elements": [
							{
								"name": "Tags",
								"type": "Microsoft.Common.TagsByResource",
								"resources": [
									"Microsoft.Storage/storageAccounts",
									"Microsoft.Compute/virtualMachines",
									"Microsoft.Network/networkInterfaces",
									"Microsoft.Network/privateEndpoints"
								],
								"visible": true
							}
						]
					}
				]
			}
		],
		"outputs": {
			"parameters": {
				"domainJoinUserName": "[steps('domainJoinInfo').identityDomainCredentials.DomainUser]",
				"domainJoinUserPassword": "[steps('domainJoinInfo').identityDomainCredentials.DomainPassword]",
				"groupAdmins": "[steps('domainJoinInfo').ntfsSetup.groupAdminsName]",
				"groupUsers": "[steps('domainJoinInfo').ntfsSetup.groupUsersName]",
				"keyVaultName": "[steps('zeroTrustSetup').keyVaultName]",
				"location": "[steps('basics').resourceScope.location.name]",
				"managedIdentityName": "[steps('zeroTrustSetup').identityName]",
				"ouPathStorage": "[steps('domainJoinInfo').domainInformation.OUPathStorage]",
				"ouPathVm": "[steps('mgmtVMInfo').OUPathVm]",
				"privateDNSZoneId": "[steps('zeroTrustSetup').pvtDNSZone]",
				"privateDNSZoneKvId": "[steps('zeroTrustSetup').pvtDNSZoneKV]",
				"storageAcctName": "[steps('basics').storageName]",
				"storageFileShareName": "[steps('basics').shareName]",
				"storageResourceGroup": "[steps('basics').resourceGroupExisting]",
				"storageResourceGroupMode": "[steps('basics').resourceScope.resourceGroup.mode]",
				"storageRedundancy": "[steps('basics').storageRedundancy]",
				"storageShareSize": "[steps('basics').shareSize]",
				"storageTier": "[steps('basics').storageTier]",
				"subnetId": "[steps('mgmtVMInfo').subnet]",
				"subscriptionId": "[steps('basics').resourceScope.subscription.id]",
				"tags": "[steps('mgmtVMInfo').TagsSection.Tags]",
				"vmName": "[steps('mgmtVMInfo').vmName]",
				"vmAdminUsername": "[steps('mgmtVMInfo').identityLocalCredentials.VmUsername]",
				"vmAdminPassword": "[steps('mgmtVMInfo').identityLocalCredentials.VmPassword.password]"
			}
		},
		"resourceTypes": [
            "Microsoft.Compute/virtualMachines",
            "Microsoft.Network/networkInterfaces",
            "Microsoft.Network/privateEndpoints",
            "Microsoft.Storage/storageAccounts"
        ]
	}
}